{"cameraMode":{"drawMode":0,"name":"Shaded","section":"Shading Mode"},"sceneLighting":true,"audioPlay":false,"sceneViewState":{"showFog":true,"showMaterialUpdate":false,"showSkybox":true,"showFlares":true,"showImageEffects":true,"showParticleSystems":true},"in2DMode":false,"pivot":{"x":0.6405713558197022,"y":0.4212181568145752,"z":-1.0782592296600342},"rotation":{"x":-0.20284509658813477,"y":0.4320761263370514,"z":-0.10039788484573364,"w":-0.8729744553565979},"size":16.560077667236329,"orthographic":false}