{"cameraMode":{"drawMode":0,"name":"Shaded","section":"Shading Mode"},"sceneLighting":true,"audioPlay":false,"sceneViewState":{"showFog":true,"showMaterialUpdate":false,"showSkybox":false,"showFlares":true,"showImageEffects":true,"showParticleSystems":true},"in2DMode":false,"pivot":{"x":-0.006572723388671875,"y":2.237791061401367,"z":-6.669393539428711},"rotation":{"x":-0.13616442680358888,"y":-0.46360504627227785,"z":0.07234930992126465,"w":-0.8725239038467407},"size":81.16777038574219,"orthographic":false}