{"cameraMode":{"drawMode":0,"name":"Shaded","section":"Shading Mode"},"sceneLighting":true,"audioPlay":false,"sceneViewState":{"showFog":true,"showMaterialUpdate":false,"showSkybox":true,"showFlares":true,"showImageEffects":true,"showParticleSystems":true},"in2DMode":false,"pivot":{"x":1.6264140605926514,"y":3.980498790740967,"z":-14.91948127746582},"rotation":{"x":0.06294920295476914,"y":0.01676197163760662,"z":-0.0010574423940852285,"w":0.9978776574134827},"size":10.0,"orthographic":false}